{"xx":[1.72981915689599,1.38007133157281,2.89496366853457,1.47308349134968,2.58215767624637,4.41745947876397,2.12453009157751,3.13188687289106,3.15423813054539,1.88573208184427,2.9621459957412,1.17850819492673,2.543557397895,3.27197607693589,2.873808676956,4.55727529503283,1.23427143199086,2.16272539562376,2.40341442616511,2.04015309364344,1.57916089663556,1.66296682589548,2.84838669796499,1.50521884716387,2.38172407275866,3.20373907983641,2.20113387835774,0.550272233582167,3.12902179761003,1.64500888229678,3.81800225008501,2.80223841012223,3.05316726902068,2.47818747686225,2.05786703377009,1.26159893607662,0.94527631939939,1.48899516050042,0.268338763315002,2.65929517776167,1.65877781561004,2.40228517431609,1.0603165397205,3.62233991582731,1.20375560421319,2.83310173098747,2.26714110316634,1.10146821451862,4.08821564667856,4.48526178437764,6.92706459022859,4.3815632159754,5.10895142998285,4.35751951320081,5.87763386426238,6.39168380884231,5.93878774081541,5.44141910541153,5.30825207171987,5.08875938501658,5.71365891840623,6.93349574752343,6.7010235361098,3.98529326711041,7.26627516072941,5.25691091182581,4.2940538925882,4.59952696318349,3.18850425982736,4.17903074216313,5.59584959701385,5.75322452378652,4.67790490072296,11.9121473550975,8.85647867237704,10.947866454859,2.77193067566972,4.48364690044144,6.65025407266248,5.45336210002102,8.61329540821174,8.24521937632612,9.83905535256795,7.69224739297345,10.4891439199206,4.32376600621107,3.59666218684785,7.20079176381392],"yy":[2.49985594577086,3.02200930163839,3.44732505440861,2.98553169463326,2.92651685159446,2.42712722096431,3.36786406074026,2.28394463687245,3.47564942050251,1.90726989911133,2.06812210669907,3.34506415169552,3.09257547935956,2.89277436517524,3.01503428782178,3.45006655720709,3.79994791073445,2.29348396974339,3.00641548976148,3.96970039939887,3.05781727685721,3.02005455408483,3.18845509415157,2.94601557705192,3.45658672140648,4.13180155120246,2.99525154436352,3.56200767406285,3.05757830161163,2.71120776888647,3.274619864032,2.45711430428674,3.15854162509844,2.60302191607904,3.3074937389469,1.95051461608151,2.8978362702606,3.626757443687,2.32558953410078,2.99819270478076,2.76612857651505,2.54215489756292,3.11180718299893,3.5336480923195,3.02090594371964,2.84486137984119,3.19337494122801,2.75031353083976,4.89619519880119,3.74312693576789,4.67893759036629,5.5218777273696,4.74136432603074,5.74382407200793,4.1587266216784,5.1896271196986,6.3464338614191,8.67158051389124,6.14968371568908,5.00528526140887,4.68031542265325,2.12831456907253,7.06006544994038,4.42237344414662,6.45306568701207,5.82279473789443,3.17330808041955,6.6060846990922,4.56935877270142,2.2599055771851,3.7202716224636,3.41550196830461,4.32393521981699,4.60422488898461,4.76159841388274,0.177239749896379,2.05664156634196,4.26372293633054,4.78597662971328,5.37400741203049,4.41806443809624,0.314431960145521,2.57121560511901,0.173159899807454,-0.881542119729165,5.24712832827,0.0800297384863882,3.14813974770665],"tt":[1,1,1,3,3,3,2,2,1,2,1,3,2,3,2,1,1,3,2,1,3,2,3,2,3,2,1,2,1,3,1,2,3,2,1,3,1,2,3,1,3,3,1,1,2,3,3,2,3,1,2,1,1,1,2,3,1,2,1,1,2,3,2,3,2,3,2,1,1,2,1,3,1,1,2,2,1,2,1,2,3,3,3,1,3,3,3,1],"col":["red","red","red","red","red","red","red","red","red","red","red","red","red","red","red","red","red","red","red","red","red","red","red","red","red","red","red","red","red","red","red","red","red","red","red","red","red","red","red","red","red","red","red","red","red","red","red","red","green","green","green","green","green","green","green","green","green","green","green","green","green","green","green","green","green","green","green","green","green","green","green","green","green","yellow","yellow","yellow","yellow","yellow","yellow","yellow","yellow","yellow","yellow","yellow","yellow","yellow","yellow","yellow"]}